Workbook

Sheet Petunjuk
B1: Kalkulator SUS & Rekap UAT
B2: Sistem Promosi Digital Terintegrasi Berbasis SEO dan Machine Learning — Politeknik Negeri Medan × Yayasan Sinergi Inspirasi Indonesia
B4: Cara pakai
B5: Sel berwarna KUNING adalah tempat mengisi data. Sel lain berisi rumus dan akan terhitung otomatis — jangan diubah.
B6: Sheet SUS: satu baris per responden. Pilih Kelompok (Admin Mitra / Calon Peserta) lalu isi jawaban butir 1–10 dengan angka 1–5 sesuai kuesioner.
B7: Baris 5 (abu-abu, kelompok "Contoh") hanya contoh pengisian dan tidak ikut dihitung.
B8: Skor SUS per responden muncul otomatis bila 10 butir terisi lengkap. Hasil per kelompok ada di sheet Ringkasan SUS.
B9: Sheet UAT: pilih Sesuai / Tidak Sesuai pada kolom Hasil untuk setiap skenario, dan tulis catatan bila perlu. Kesimpulan muncul otomatis di bagian atas.
B11: Rumus SUS (Brooke, 1996)
B12: Butir ganjil: jawaban − 1. Butir genap: 5 − jawaban. Jumlah kontribusi (0–40) × 2,5 = skor 0–100.
B13: Interpretasi penerimaan (Bangor dkk., 2008): ≥ 70 Acceptable, 50–69,9 Marginal, < 50 Not acceptable. Rata-rata umum SUS = 68.
B14: Kategori adjektif (disederhanakan dari Bangor dkk., 2009): > 85 Excellent–Best imaginable, 70–85 Good–Excellent, 50–69,9 OK–Good, < 50 Poor–Worst imaginable.
... B18: Diterima: ≥ 90% skenario Sesuai dan seluruh skenario kritis Sesuai. Diterima dengan perbaikan: ≥ 90% Sesuai, ada skenario non-kritis Tidak Sesuai. Belum diterima: < 90% Sesuai atau ada skenario kritis Tidak Sesuai.

Sheet SUS
A1: Data Jawaban Kuesioner SUS
A2: Isi sel kuning. Jawaban 1 = Sangat Tidak Setuju … 5 = Sangat Setuju.
A4: No | B4: Kelompok | C4: Nama / inisial | D4: B1 | E4: B2 | F4: B3 | G4: B4 | H4: B5 | I4: B6 | J4: B7 | K4: B8 | L4: B9 | M4: B10 | N4: Skor SUS | O4: bantu
A5: Contoh | B5: Contoh | C5: (contoh pengisian) | D5: 4 | E5: 2 | F5: 5 | G5: 1 | H5: 4 | I5: 2 | J5: 4 | K5: 2 | L5: 5 | M5: 3 | N5: =IF(COUNT(D5:M5)=10,(SUM(D5,F5,H5,J5,L5)-5+25-SUM(E5,G5,I5,K5,M5))*2.5,"") -> 80
A6: 1 | N6: =IF(COUNT(D6:M6)=10,(SUM(D6,F6,H6,J6,L6)-5+25-SUM(E6,G6,I6,K6,M6))*2.5,"") | O6: =IF(ISNUMBER(N6),N6,0) -> 0
A7: 2 | N7: =IF(COUNT(D7:M7)=10,(SUM(D7,F7,H7,J7,L7)-5+25-SUM(E7,G7,I7,K7,M7))*2.5,"") | O7: =IF(ISNUMBER(N7),N7,0) -> 0
A8: 3 | N8: =IF(COUNT(D8:M8)=10,(SUM(D8,F8,H8,J8,L8)-5+25-SUM(E8,G8,I8,K8,M8))*2.5,"") | O8: =IF(ISNUMBER(N8),N8,0) -> 0
A9: 4 | N9: =IF(COUNT(D9:M9)=10,(SUM(D9,F9,H9,J9,L9)-5+25-SUM(E9,G9,I9,K9,M9))*2.5,"") | O9: =IF(ISNUMBER(N9),N9,0) -> 0
A10: 5 | N10: =IF(COUNT(D10:M10)=10,(SUM(D10,F10,H10,J10,L10)-5+25-SUM(E10,G10,I10,K10,M10))*2.5,"") | O10: =IF(ISNUMBER(N10),N10,0) -> 0
A11: 6 | N11: =IF(COUNT(D11:M11)=10,(SUM(D11,F11,H11,J11,L11)-5+25-SUM(E11,G11,I11,K11,M11))*2.5,"") | O11: =IF(ISNUMBER(N11),N11,0) -> 0
A12: 7 | N12: =IF(COUNT(D12:M12)=10,(SUM(D12,F12,H12,J12,L12)-5+25-SUM(E12,G12,I12,K12,M12))*2.5,"") | O12: =IF(ISNUMBER(N12),N12,0) -> 0
A13: 8 | N13: =IF(COUNT(D13:M13)=10,(SUM(D13,F13,H13,J13,L13)-5+25-SUM(E13,G13,I13,K13,M13))*2.5,"") | O13: =IF(ISNUMBER(N13),N13,0) -> 0
A14: 9 | N14: =IF(COUNT(D14:M14)=10,(SUM(D14,F14,H14,J14,L14)-5+25-SUM(E14,G14,I14,K14,M14))*2.5,"") | O14: =IF(ISNUMBER(N14),N14,0) -> 0
A15: 10 | N15: =IF(COUNT(D15:M15)=10,(SUM(D15,F15,H15,J15,L15)-5+25-SUM(E15,G15,I15,K15,M15))*2.5,"") | O15: =IF(ISNUMBER(N15),N15,0) -> 0
A16: 11 | N16: =IF(COUNT(D16:M16)=10,(SUM(D16,F16,H16,J16,L16)-5+25-SUM(E16,G16,I16,K16,M16))*2.5,"") | O16: =IF(ISNUMBER(N16),N16,0) -> 0
A17: 12 | N17: =IF(COUNT(D17:M17)=10,(SUM(D17,F17,H17,J17,L17)-5+25-SUM(E17,G17,I17,K17,M17))*2.5,"") | O17: =IF(ISNUMBER(N17),N17,0) -> 0
... A105: 100 | N105: =IF(COUNT(D105:M105)=10,(SUM(D105,F105,H105,J105,L105)-5+25-SUM(E105,G105,I105,K105,M105))*2.5,"") | O105: =IF(ISNUMBER(N105),N105,0) -> 0

Sheet Ringkasan SUS
A1: Ringkasan Skor SUS per Kelompok
A3: Ukuran | B3: Admin Mitra | C3: Calon Peserta
A4: Jumlah responden (lengkap) | B4: =SUMPRODUCT((SUS!$B$6:$B$105="Admin Mitra")*ISNUMBER(SUS!$N$6:$N$105)) -> 0 | C4: =SUMPRODUCT((SUS!$B$6:$B$105="Calon Peserta")*ISNUMBER(SUS!$N$6:$N$105)) -> 0
A5: Rata-rata skor SUS | B5: =IF(B$4=0,"-",AVERAGEIFS(SUS!$N$6:$N$105,SUS!$B$6:$B$105,"Admin Mitra")) -> - | C5: =IF(C$4=0,"-",AVERAGEIFS(SUS!$N$6:$N$105,SUS!$B$6:$B$105,"Calon Peserta")) -> -
A6: Simpangan baku | B6: =IF(B$4<2,"-",SQRT(SUMPRODUCT((SUS!$B$6:$B$105="Admin Mitra")*ISNUMBER(SUS!$N$6:$N$105)*(SUS!$O$6:$O$105-B$5)^2)/(B$4-1))) -> - | C6: =IF(C$4<2,"-",SQRT(SUMPRODUCT((SUS!$B$6:$B$105="Calon Peserta")*ISNUMBER(SUS!$N$6:$N$105)*(SUS!$O$6:$O$105-C$5)^2)/(C$4-1))) -> -
A7: Skor terendah | B7: =IF(B$4=0,"-",_xlfn.MINIFS(SUS!$N$6:$N$105,SUS!$B$6:$B$105,"Admin Mitra")) -> - | C7: =IF(C$4=0,"-",_xlfn.MINIFS(SUS!$N$6:$N$105,SUS!$B$6:$B$105,"Calon Peserta")) -> -
A8: Skor tertinggi | B8: =IF(B$4=0,"-",_xlfn.MAXIFS(SUS!$N$6:$N$105,SUS!$B$6:$B$105,"Admin Mitra")) -> - | C8: =IF(C$4=0,"-",_xlfn.MAXIFS(SUS!$N$6:$N$105,SUS!$B$6:$B$105,"Calon Peserta")) -> -
A9: Penerimaan (Bangor dkk., 2008) | B9: =IF(B$4=0,"-",IF(B$5>=70,"Acceptable",IF(B$5>=50,"Marginal","Not acceptable"))) -> - | C9: =IF(C$4=0,"-",IF(C$5>=70,"Acceptable",IF(C$5>=50,"Marginal","Not acceptable"))) -> -
A10: Kategori adjektif | B10: =IF(B$4=0,"-",IF(B$5>85,"Excellent – Best imaginable",IF(B$5>=70,"Good – Excellent",IF(B$5>=50,"OK – Good","Poor – Worst imaginable")))) -> - | C10: =IF(C$4=0,"-",IF(C$5>85,"Excellent – Best imaginable",IF(C$5>=70,"Good – Excellent",IF(C$5>=50,"OK – Good","Poor – Worst imaginable")))) -> -
A11: Dibanding rata-rata umum (68) | B11: =IF(B$4=0,"-",IF(B$5>=68,"Di atas rata-rata","Di bawah rata-rata")) -> - | C11: =IF(C$4=0,"-",IF(C$5>=68,"Di atas rata-rata","Di bawah rata-rata")) -> -
A14: Rata-rata jawaban per butir (1–5)
A15: Butir | B15: Admin Mitra | C15: Calon Peserta
A16: 1. Saya berpikir akan menggunakan sistem ini lagi. | B16: =IF(B$4=0,"-",AVERAGEIFS(SUS!$D$6:$D$105,SUS!$B$6:$B$105,"Admin Mitra",SUS!$N$6:$N$105,">=0")) -> - | C16: =IF(C$4=0,"-",AVERAGEIFS(SUS!$D$6:$D$105,SUS!$B$6:$B$105,"Calon Peserta",SUS!$N$6:$N$105,">=0")) -> -
A17: 2. Saya merasa sistem ini rumit untuk digunakan. | B17: =IF(B$4=0,"-",AVERAGEIFS(SUS!$E$6:$E$105,SUS!$B$6:$B$105,"Admin Mitra",SUS!$N$6:$N$105,">=0")) -> - | C17: =IF(C$4=0,"-",AVERAGEIFS(SUS!$E$6:$E$105,SUS!$B$6:$B$105,"Calon Peserta",SUS!$N$6:$N$105,">=0")) -> -
A18: 3. Saya merasa sistem ini mudah digunakan. | B18: =IF(B$4=0,"-",AVERAGEIFS(SUS!$F$6:$F$105,SUS!$B$6:$B$105,"Admin Mitra",SUS!$N$6:$N$105,">=0")) -> - | C18: =IF(C$4=0,"-",AVERAGEIFS(SUS!$F$6:$F$105,SUS!$B$6:$B$105,"Calon Peserta",SUS!$N$6:$N$105,">=0")) -> -
A19: 4. Saya membutuhkan bantuan dari orang lain atau teknisi dalam menggunakan sistem ini. | B19: =IF(B$4=0,"-",AVERAGEIFS(SUS!$G$6:$G$105,SUS!$B$6:$B$105,"Admin Mitra",SUS!$N$6:$N$105,">=0")) -> - | C19: =IF(C$4=0,"-",AVERAGEIFS(SUS!$G$6:$G$105,SUS!$B$6:$B$105,"Calon Peserta",SUS!$N$6:$N$105,">=0")) -> -
A20: 5. Saya merasa fitur-fitur sistem ini berjalan dengan semestinya. | B20: =IF(B$4=0,"-",AVERAGEIFS(SUS!$H$6:$H$105,SUS!$B$6:$B$105,"Admin Mitra",SUS!$N$6:$N$105,">=0")) -> - | C20: =IF(C$4=0,"-",AVERAGEIFS(SUS!$H$6:$H$105,SUS!$B$6:$B$105,"Calon Peserta",SUS!$N$6:$N$105,">=0")) -> -
A21: 6. Saya merasa ada banyak hal yang tidak konsisten (tidak serasi) pada sistem ini. | B21: =IF(B$4=0,"-",AVERAGEIFS(SUS!$I$6:$I$105,SUS!$B$6:$B$105,"Admin Mitra",SUS!$N$6:$N$105,">=0")) -> - | C21: =IF(C$4=0,"-",AVERAGEIFS(SUS!$I$6:$I$105,SUS!$B$6:$B$105,"Calon Peserta",SUS!$N$6:$N$105,">=0")) -> -
A22: 7. Saya merasa orang lain akan memahami cara menggunakan sistem ini dengan cepat. | B22: =IF(B$4=0,"-",AVERAGEIFS(SUS!$J$6:$J$105,SUS!$B$6:$B$105,"Admin Mitra",SUS!$N$6:$N$105,">=0")) -> - | C22: =IF(C$4=0,"-",AVERAGEIFS(SUS!$J$6:$J$105,SUS!$B$6:$B$105,"Calon Peserta",SUS!$N$6:$N$105,">=0")) -> -
A23: 8. Saya merasa sistem ini membingungkan. | B23: =IF(B$4=0,"-",AVERAGEIFS(SUS!$K$6:$K$105,SUS!$B$6:$B$105,"Admin Mitra",SUS!$N$6:$N$105,">=0")) -> - | C23: =IF(C$4=0,"-",AVERAGEIFS(SUS!$K$6:$K$105,SUS!$B$6:$B$105,"Calon Peserta",SUS!$N$6:$N$105,">=0")) -> -
A24: 9. Saya merasa tidak ada hambatan dalam menggunakan sistem ini. | B24: =IF(B$4=0,"-",AVERAGEIFS(SUS!$L$6:$L$105,SUS!$B$6:$B$105,"Admin Mitra",SUS!$N$6:$N$105,">=0")) -> - | C24: =IF(C$4=0,"-",AVERAGEIFS(SUS!$L$6:$L$105,SUS!$B$6:$B$105,"Calon Peserta",SUS!$N$6:$N$105,">=0")) -> -
A25: 10. Saya perlu membiasakan diri terlebih dahulu sebelum menggunakan sistem ini. | B25: =IF(B$4=0,"-",AVERAGEIFS(SUS!$M$6:$M$105,SUS!$B$6:$B$105,"Admin Mitra",SUS!$N$6:$N$105,">=0")) -> - | C25: =IF(C$4=0,"-",AVERAGEIFS(SUS!$M$6:$M$105,SUS!$B$6:$B$105,"Calon Peserta",SUS!$N$6:$N$105,">=0")) -> -
A27: Catatan: butir genap bernada negatif, sehingga nilai rendah pada butir genap justru baik.

Sheet UAT
A1: Rekap User Acceptance Test
A3: Kelompok | B3: Jumlah | C3: Sesuai | D3: Tidak sesuai | E3: Belum diuji | F3: % Sesuai
A4: A. Akses Dashboard | B4: =COUNTIF($B$16:$B$50,A4) -> 3 | C4: =COUNTIFS($B$16:$B$50,A4,$E$16:$E$50,"Sesuai") -> 0 | D4: =COUNTIFS($B$16:$B$50,A4,$E$16:$E$50,"Tidak Sesuai") -> 0 | E4: =B4-C4-D4 -> 3 | F4: =IF(B4=0,0,C4/B4) -> 0
A5: B. Ringkasan (KPI) | B5: =COUNTIF($B$16:$B$50,A5) -> 3 | C5: =COUNTIFS($B$16:$B$50,A5,$E$16:$E$50,"Sesuai") -> 0 | D5: =COUNTIFS($B$16:$B$50,A5,$E$16:$E$50,"Tidak Sesuai") -> 0 | E5: =B5-C5-D5 -> 3 | F5: =IF(B5=0,0,C5/B5) -> 0
A6: C. Manajemen Lead | B6: =COUNTIF($B$16:$B$50,A6) -> 10 | C6: =COUNTIFS($B$16:$B$50,A6,$E$16:$E$50,"Sesuai") -> 0 | D6: =COUNTIFS($B$16:$B$50,A6,$E$16:$E$50,"Tidak Sesuai") -> 0 | E6: =B6-C6-D6 -> 10 | F6: =IF(B6=0,0,C6/B6) -> 0
A7: D. Program Pelatihan | B7: =COUNTIF($B$16:$B$50,A7) -> 3 | C7: =COUNTIFS($B$16:$B$50,A7,$E$16:$E$50,"Sesuai") -> 0 | D7: =COUNTIFS($B$16:$B$50,A7,$E$16:$E$50,"Tidak Sesuai") -> 0 | E7: =B7-C7-D7 -> 3 | F7: =IF(B7=0,0,C7/B7) -> 0
A8: E. SEO dan Model Machine Learning | B8: =COUNTIF($B$16:$B$50,A8) -> 4 | C8: =COUNTIFS($B$16:$B$50,A8,$E$16:$E$50,"Sesuai") -> 0 | D8: =COUNTIFS($B$16:$B$50,A8,$E$16:$E$50,"Tidak Sesuai") -> 0 | E8: =B8-C8-D8 -> 4 | F8: =IF(B8=0,0,C8/B8) -> 0
A9: P. Website Mitra (Sisi Pengunjung) | B9: =COUNTIF($B$16:$B$50,A9) -> 9 | C9: =COUNTIFS($B$16:$B$50,A9,$E$16:$E$50,"Sesuai") -> 0 | D9: =COUNTIFS($B$16:$B$50,A9,$E$16:$E$50,"Tidak Sesuai") -> 0 | E9: =B9-C9-D9 -> 9 | F9: =IF(B9=0,0,C9/B9) -> 0
A10: I. Integrasi Data | B10: =COUNTIF($B$16:$B$50,A10) -> 3 | C10: =COUNTIFS($B$16:$B$50,A10,$E$16:$E$50,"Sesuai") -> 0 | D10: =COUNTIFS($B$16:$B$50,A10,$E$16:$E$50,"Tidak Sesuai") -> 0 | E10: =B10-C10-D10 -> 3 | F10: =IF(B10=0,0,C10/B10) -> 0
A11: Total | B11: =SUM(B4:B10) -> 35 | C11: =SUM(C4:C10) -> 0 | D11: =SUM(D4:D10) -> 0 | E11: =SUM(E4:E10) -> 35 | F11: =IF(B11=0,0,C11/B11) -> 0
A12: Skenario kritis Tidak Sesuai | B12: =COUNTIFS($D$16:$D$50,"Ya",$E$16:$E$50,"Tidak Sesuai") -> 0
A13: KESIMPULAN | B13: =IF(E11>0,"Pengujian belum lengkap ("&E11&" skenario belum diuji)",IF(OR(F11<0.9,B12>0),"Belum diterima",IF(D11>0,"Diterima dengan perbaikan","Diterima"))) -> Pengujian belum lengkap (35 skenario belum diuji)
A15: Kode | B15: Kelompok | C15: Skenario | D15: Kritis | E15: Hasil | F15: Catatan
A16: A01 | B16: A. Akses Dashboard | C16: Login dengan akun benar | D16: Ya
A17: A02 | B17: A. Akses Dashboard | C17: Login dengan password salah | D17: –
A18: A03 | B18: A. Akses Dashboard | C18: Keluar | D18: –
A19: B01 | B19: B. Ringkasan (KPI) | C19: Menampilkan KPI | D19: –
A20: B02 | B20: B. Ringkasan (KPI) | C20: Mengganti periode | D20: –
A21: B03 | B21: B. Ringkasan (KPI) | C21: Grafik & sumber traffic | D21: –
A22: C01 | B22: C. Manajemen Lead | C22: Daftar lead terurut skor | D22: Ya
A23: C02 | B23: C. Manajemen Lead | C23: Pencarian | D23: –
A24: C03 | B24: C. Manajemen Lead | C24: Penyaringan | D24: –
A25: C04 | B25: C. Manajemen Lead | C25: Detail lead | D25: Ya
A26: C05 | B26: C. Manajemen Lead | C26: Mengubah status | D26: Ya
A27: C06 | B27: C. Manajemen Lead | C27: Catatan follow-up | D27: –
... A50: I03 | B50: I. Integrasi Data | C50: Pembaruan data SEO | D50: –
